Target Word;Stem;Correct_Response;Response_B;Response_C;Response_D
** stonework;** The medieval castle was famous for its intricate STONEWORK that had been preserved for centuries.;** masonry;** tapestry;** carpentry;** architecture
** stonework;** The architect admired the STONEWORK on the façade of the historic building, noting the skill of the craftsmen.;** masonry;** fresco;** metalwork;** painting
** stonework;** The restoration of the cathedral included cleaning and repairing the detailed STONEWORK on the outer walls.;** masonry;** plaster;** woodworking;** glasswork
** orthopedics;** After breaking his leg, John had to visit the ORTHOPEDICS department for treatment.;** orthopedics - (;** orthopedics - cardiology;** orthopedics - dermatology;** orthopedics - neurology
** orthopedics;** The hospital recently invested in new equipment for the ORTHOPEDICS unit to help treat patients with skeletal deformities.;** orthopedics - skeletal care;** orthopedics - ophthalmology;** orthopedics - gastroenterology;** orthopedics - immunology
** orthopedics;** Following her accident, Maria needed extensive rehabilitation from the ORTHOPEDICS team.;** orthopedics - bone specialists;** orthopedics - endocrinology;** orthopedics - pathology;** orthopedics - radiology
** hieroglyphic;** The ancient Egyptians used a writing system called HIEROGLYPHIC to record their history.;** pictorial;** numerical;** alphabetical;** narrative
** hieroglyphic;** When visiting the pyramids, we were fascinated by the HIEROGLYPHIC symbols on the walls.;** symbolic;** modern;** circular;** metallic
** hieroglyphic;** Scholars have been trying to decode the meaning behind the HIEROGLYPHIC texts for centuries.;** ancient;** eloquent;** humorous;** mundane
comprise;** The committee is COMPRISED of ten members from various departments.;** made up;** owned;** filled;** managed
comprise;** The portfolio COMPRISES a wide range of investment options.;** includes;** hides;** controls;** removes
comprise;** Our diet should COMPRISE a variety of fruits and vegetables for balanced nutrition.;** consist of;** decorate;** avoid;** spoil
harebrain;Despite his impressive resume, his HAREBRAIN ideas were not taken seriously by the board.;foolish;innovative;calculated;measured
harebrain;The team was frustrated by the manager’s HAREBRAIN scheme that lacked any feasible plan of action.;absurd;feasible;realistic;practical
harebrain;Sarah's HAREBRAIN decision to quit her stable job without another offer in place left her friends and family concerned.;reckless;meticulous;seasoned;strategic
destine;The architect believed that the new building was DESTINED to become a landmark for the city.;fated;constructed;designed;imagined
destine;From an early age, it seemed that Maria was DESTINED for greatness in her field.;meant;prepared;studied;striving
destine;The teacher told John that his dedication and hard work had DESTINED him for success.;ensured;encouraged;scheduled;motivated
** devoid;** The desert landscape was completely DEVOID of any vegetation.;** lacking;** full;** enriched;** covered
** devoid;** Her report was DEVOID of any substantial data, making it hard to draw conclusions.;** empty;** filled;** detailed;** lengthy
** devoid;** The haunted house had an eerie silence, DEVOID of any sound.;** absent;** filled;** complete;** echoing
** uncivil;** His UNCIVIL remarks during the meeting shocked everyone in attendance.;** rude;** polite;** helpful;** interesting
** uncivil;** The student’s UNCIVIL behavior towards the teacher led to a detention.;** disrespectful;** friendly;** diligent;** curious
** uncivil;** The customer’s UNCIVIL email was reported to the management for further action.;** impolite;** appreciative;** hopeful;** grateful
** ensnare;** The hunter used a clever trap to ENSNARE the wild animal in the forest.;** capture;** watch;** ignore;** free
** ensnare;** The detective warned that the con artist might try to ENSNARE unsuspecting tourists with his elaborate schemes.;** trap;** entertain;** relax;** scare
** ensnare;** The spider carefully wove its web to ENSNARE any insects that might fly by.;** catch;** avoid;** lose;** chase
ritualized;The annual family picnic has become a RITUALIZED event that everyone looks forward to.;ceremonial;infrequent;accidental;spontaneous
ritualized;The actors followed a RITUALIZED routine before each performance to ensure they were ready.;formalized;disorganized;chaotic;improvised
ritualized;The team’s RITUALIZED warm-up exercises helped them mentally prepare for the game.;habitual;random;rare;insignificant
** impaction;** The doctor explained that the patient was suffering from an intestinal IMPACTION, which required immediate medical attention.;** blockage;** relief;** infection;** movement
** impaction;** During the dental examination, the dentist noted that there was an IMPACTION of the wisdom tooth, which would need removal.;** obstruction;** growth;** fracture;** swelling
** impaction;** The teacher warned that overdue homework could lead to an IMPACTION of assignments right before the final exams.;** accumulation;** ease;** reduction;** confusion
** obligatory;** Attendance at the meeting is OBLIGATORY for all employees.;** mandatory;** optional;** permissible;** discouraged
** obligatory;** Submitting this form is OBLIGATORY if you want to access the service.;** required;** voluntary;** selective;** casual
** obligatory;** Wearing a uniform is OBLIGATORY for all students in this school.;** compulsory;** elective;** nonessential;** recommended
** obligatory;** During the rainy season, Maria always wore her GALOSH to keep her feet dry.;** overshoe;** sandal;** glove;** jacket
** obligatory;** After trudging through the muddy fields, Carl's GALOSH were covered in thick mud.;** boot;** hat;** scarf;** mitten
** obligatory;** The rubber GALOSH were perfect for splashing through puddles without getting wet feet.;** footwear;** backpack;** umbrella;** sweater
** hyperactive;** The child was so HYPERACTIVE that he couldn't sit still during class.;** energetic;** silent;** sleepy;** lazy
** hyperactive;** The HYPERACTIVE puppy was constantly running around the backyard.;** excitable;** quiet;** lethargic;** calm
** hyperactive;** The doctor recommended techniques to help manage her HYPERACTIVE behavior.;** overactive;** passive;** relaxed;** serene
** redline;** The manager had to REDLINE several parts of the document before it was approved.;** edit;** praise;** ignore;** delete
** redline;** Due to the outdated information, the editor decided to REDLINE the entire chapter.;** revise;** highlight;** summarize;** approve
** redline;** The lawyer had to REDLINE the contract to make sure there were no errors.;** amend;** sign;** reject;** copy
accompaniment;The pianist's beautiful playing was even more enjoyable with the flute as an ACCOMPANIMENT.;complement;distraction;annoyance;burden
accompaniment;The salad was served as an ACCOMPANIMENT to the main course, enhancing the flavors of the entire meal.;side dish;substitution;afterthought;alternative
accompaniment;The violinist provided a gentle ACCOMPANIMENT to the singer's powerful voice, creating a perfect harmony.;backing;interruption;obstacle;contrast
panoramic;The hotel room had a PANORAMIC view of the entire city, making it a popular choice for tourists.;wide-ranging;blurry;narrow;average
panoramic;The drone captured a PANORAMIC shot of the mountains, showcasing their full majesty.;comprehensive;partial;enclosed;fragmented
panoramic;The artist’s painting offered a PANORAMIC perspective of the bustling market square.;extensive;specific;limited;trivial
** absolution;** The priest granted him ABSOLUTION for his sins, allowing him to feel at peace.;** forgiveness;** punishment;** excitement;** hesitation
** absolution;** Seeking ABSOLUTION for their mistakes, the group members attended a special ceremony.;** pardon;** confrontation;** criticism;** instruction
** absolution;** She yearned for ABSOLUTION from her loved ones after the misunderstanding.;** exoneration;** anger;** distance;** neglect
** abode;** The ancient castle served as their primary ABODE for many years.;** residence;** escape;** figure;** institution
** abode;** They found a cozy ABODE near the beach where they could relax.;** home;** journey;** celebration;** tradition
** abode;** After traveling for months, he was relieved to return to his humble ABODE.;** dwelling;** occupation;** adventure;** narrative
** ruinous;** The company avoided the RUINOUS consequences of the failed project by implementing effective mitigation strategies.;** disastrous;** profitable;** humorous;** minor
** ruinous;** The ancient castle, now in a RUINOUS state, was once a magnificent stronghold.;** dilapidated;** pristine;** modern;** spotless
** ruinous;** The decision to ignore the financial advice proved to be RUINOUS for his business.;** catastrophic;** beneficial;** trivial;** insipid
** thane;** In ancient Scotland, being a THANE meant you were an important landowner and warrior for the king.;** noble;** farmer;** merchant;** serf
** thane;** The Scottish king granted lands and titles to a loyal THANE who had demonstrated exceptional bravery in battle.;** lord;** soldier;** advisor;** servant
** thane;** As a THANE, he was entrusted with the governance of his territory and the protection of its people.;** chieftain;** mayor;** scholar;** artist
** brooder;** The farmer built a special BROODER to ensure the baby chicks stayed warm.;** incubator;** shelter;** barn;** cage
** brooder;** The old BROODER in the barn reminded the farmer of his early days on the farm.;** incubator;** tool;** structure;** machine
** brooder;** He purchased a new BROODER to improve the survival rate of his chicks.;** incubator;** heater;** lamp;** feeder
** metabolism;** Regular exercise can increase your METABOLISM and help you burn more calories throughout the day.;** metabolism;** appetite;** strength;** mood
** metabolism;** Scientists are studying how different diets can affect the METABOLISM of individuals over time.;** metabolism;** growth;** habits;** fitness
** metabolism;** Her fast METABOLISM allows her to eat a lot without gaining weight.;** metabolism;** digestion;** hydration;** respiration
** convergence;** The CONVERGENCE of several major highways at this junction has made it a focal point for regional transportation.;** intersection;** division;** expansion;** separation
** convergence;** Scientists are excited about the CONVERGENCE of various technologies that could lead to major breakthroughs in medical research.;** merging;** conflict;** separation;** displacement
** convergence;** The CONVERGENCE of different cultures in the city has resulted in a rich and diverse community.;** unification;** isolation;** division;** removal
granular;The scientist analyzed the GRANULAR structure of the soil to determine its composition.;detailed;smooth;large;abstract
granular;The chef preferred using GRANULAR sugar over powdered sugar for the recipe.;coarse;organic;hot;soft
granular;The report provided a very GRANULAR breakdown of the company’s expenditures.;thorough;superficial;minor;broad
** mattock;** The gardener used a MATTOCK to break up the hard soil before planting the new flowers.;** tool;** method;** style;** plot
** mattock;** After the storm, residents grabbed a MATTOCK to clear the fallen branches and debris from their yards.;** implement;** strategy;** motive;** tradition
** mattock;** The archaeologist excavated the ancient site with a MATTOCK, carefully uncovering hidden artifacts.;** digging instrument;** formula;** philosophy;** pastime
** disembody;** The eerie tale described how the spirit was able to DISEMBODY itself from the corporeal form.;** detach;** encase;** enliven;** anchor
** disembody;** In the abstract painting, the artist seemed to DISEMBODY the figure from its physical confines, representing a sense of freedom.;** separate;** merge;** obscure;** paint
** disembody;** A calm meditation allowed her to DISEMBODY her thoughts from daily stress, achieving a state of inner peace.;** dissociate;** focus;** intensify;** confront
** Paddy;** The farmer decided to plant more rice in the PADDY this season.;** Field;** Barn;** Tractor;** Harvest
** Paddy;** Children splashed in the water channels that bordered the PADDY, having fun in the afternoon sun.;** Field;** Forest;** House;** Village
** Paddy;** As the monsoon rains began, the PADDY became flooded, creating ideal conditions for the rice plants.;** Field;** Desert;** Mountain;** River
** afflict;** The drought continued to AFFLICT the farmers, who struggled to grow their crops.;** plague;** assist;** comfort;** entertain
** afflict;** When the severe headache began to AFFLICT her, she decided to take some medication.;** torment;** amuse;** aid;** ignore
** afflict;** Scientists are working tirelessly to find cures for diseases that AFFLICT millions of people worldwide.;** burden;** benefit;** captivate;** strengthen
** embraceable;** Scientists are working tirelessly to find cures for diseases that AFFLICT millions of people worldwide.;** lovable;** visible;** forgettable;** dismissible
** embraceable;** Scientists are working tirelessly to find cures for diseases that AFFLICT millions of people worldwide.;** acceptable;** debatable;** rejectable;** dismissible
** embraceable;** Scientists are working tirelessly to find cures for diseases that AFFLICT millions of people worldwide.;** approachable;** intolerable;** forgettable;** unattainable
** backfield;** The coach was proud of his strong BACKFIELD, which had three of the best running backs in the league.;** formation;** support;** offense;** defense
** backfield;** During practice, the quarterback took extra time working with the BACKFIELD on complex plays.;** squad;** strategy;** equipment;** game
** backfield;** The team's BACKFIELD was considered the best in the division because of their agility and coordination.;** group;** player;** coach;** season
entrepreneur**;** The ENTREPRENEUR launched a tech startup that quickly gained the attention of major investors.;** business owner;** employee;** consumer;** manager
entrepreneur**;** As an ENTREPRENEUR, she faced many challenges but managed to build a multi-million-dollar company.;** innovator;** intern;** analyst;** supervisor
entrepreneur**;** The local ENTREPRENEUR opened three new restaurants this year, each with a unique culinary theme.;** founder;** chef;** customer;** cashier
** conceit;** His CONCEIT knew no bounds, as he arrogantly believed he was the best at everything.;** arrogance;** humility;** ignorance;** wisdom
** conceit;** The team's CONCEIT after their recent victory was evident in the way they dismissed their opponents as insignificant.;** egotism;** respect;** courtesy;** loyalty
** conceit;** Her CONCEIT made it difficult for her to form genuine friendships, as she constantly looked down on others.;** vanity;** kindness;** patience;** generosity
** minesweeping;** The crew engaged in MINESWEEPING to ensure the waters were safe for the naval fleet.;** clearing mines;** fishing;** swimming;** patrolling
** minesweeping;** MINESWEEPING operations were critical in preventing any damage to merchant ships during wartime.;** removing mines;** cargo loading;** refueling;** navigation
** minesweeping;** Effective MINESWEEPING requires specialized equipment and trained personnel.;** mine-clearing;** surveillance;** diving;** maintenance
** adversity;** Despite the ADULTERY they faced, the team managed to reach the finals against all odds.;** hardship;** prosperity;** rehearsal;** celebration
** adversity;** He showed remarkable resilience when confronting ADULTERY in his personal life.;** challenges;** vacations;** talents;** exercises
** adversity;** The film tells the story of a family overcoming ADULTERY through unity and unwavering support.;** difficulties;** opportunities;** luxuries;** celebrations
** nix;** The proposal to extend school hours was quickly NIXED by the board of education.;** rejected;** supported;** suggested;** completed
** nix;** After much deliberation, the team decided to NIX the idea for the new marketing campaign.;** cancel;** pursue;** propose;** discuss
** nix;** The restaurant had to NIX the plan for outdoor seating due to unexpected weather changes.;** scrap;** implement;** approve;** delay
** figural;** The sculptures in the museum were highly FIGURAL, capturing the essence of human form.;** representational;** abstract;** musical;** intricate
** figural;** The painting's FIGURAL elements were admired for their lifelike appearance.;** representational;** colorful;** textured;** symmetrical
** figural;** The architect's design was known for its FIGURAL qualities, making it stand out in the urban landscape.;** representational;** structural;** innovative;** functional
** Codebook;** The research team used a CODEBOOK to ensure that all data was categorized consistently across different researchers.;** Manual;** Notebook;** Journal;** Spreadsheet
** Codebook;** Before starting the survey analysis, the student reviewed the CODEBOOK to understand the meaning of the variables.;** Guide;** Textbook;** Memo;** Essay
** Codebook;** The sociologist referred to the CODEBOOK frequently to decode the responses from the interview participants.;** Reference;** Manuscript;** Database;** Summary
** foreboding;** As Sarah entered the abandoned house, she couldn't shake off a sense of FOREBODING that something terrible was about to happen.;** dread;** curiosity;** happiness;** confusion
** foreboding;** The dark clouds gathering on the horizon filled the villagers with FOREBODING about the approaching storm.;** anxiety;** excitement;** satisfaction;** relief
** foreboding;** His sudden silence and serious expression gave me a FOREBODING feeling that the news was not going to be good.;** ominous;** delightful;** calm;** hopeful
rotisserie;At the market, we bought a delicious, perfectly cooked ROTISSERIE chicken for dinner.;spit-roasted;grilled;steamed;frozen
rotisserie;The chef prepared a savory meal using the ROTISSERIE to slow-cook the meat to perfection.;spit-roaster;oven;skillet;microwave
rotisserie;She couldn't resist the aroma of the ROTISSERIE chicken as it spun slowly in the display case.;spit-cooked;fried;boiled;raw
magnitude;** The scientist measured the MAGNITUDE of the earthquake to determine its potential impact on the city.;** intensity;** origin;** depth;** duration
magnitude;** The MAGNITUDE of the financial crisis was evident in the rapid decline of stock market prices.;** scale;** time;** source;** method
magnitude;** She was astounded by the MAGNITUDE of his generosity, which included significant donations to several charities.;** extent;** reason;** frequency;** source
** lockout;** After the negotiation talks failed, the workers faced a company-imposed LOCKOUT, leaving them without work for weeks.;** exclusion;** party;** holiday;** promotion
** lockout;** The basketball season was delayed due to a LOCKOUT caused by disagreements between players and owners.;** shutdown;** celebration;** expansion;** tournament
** lockout;** During the union's LOCKOUT, employees were prohibited from entering the factory premises.;** stoppage;** bonus;** meeting;** award
claxon;The driver slammed his hand on the steering wheel, producing a loud CLAXON that echoed through the narrow street.;horn;light;mirror;control
claxon;During the parade, the sound of the CLAXON from the antique fire truck brought a wave of nostalgia to the older crowd.;horn;siren;engine;bell
claxon;At the first sign of danger, the guard triggered the CLAXON to alert everyone in the building.;alarm;switch;warning;gate
claxon;** The old PHÆTON parked in the driveway was a marvel of vintage automobile engineering.;** carriage;** bicycle;** airplane;** scooter
claxon;** He admired the sleek lines and polished chrome of the PHÆTON as it gleamed under the sunlight.;** carriage;** motorcycle;** boat;** helicopter
claxon;** Tales of adventurous rides in a PHÆTON were common in the novels set in the 19th century.;** carriage;** train;** spaceship;** yacht
** keystroke;** With just one KEYSTROKE, he managed to delete the entire document.;** key press;** page;** gesture;** button
** keystroke;** The software tracks every KEYSTROKE to improve typing efficiency.;** key press;** letter;** word;** line
** keystroke;** She accidentally hit the wrong KEYSTROKE and had to start the process over.;** key press;** command;** space;** shift
abolitionism;The history class focused on the impact of ABOLITIONISM during the 19th century in the United States.;anti-slavery;industrialization;nationalism;colonization
abolitionism;Harriet Tubman was a key figure in the ABOLITIONISM movement.;anti-slavery;suffragette;secession;expansion
abolitionism;ABOLITIONISM gained significant momentum leading up to the Civil War.;anti-slavery;industrialization;annexation;conservation
electron;In a typical atom, an ELECTRON orbits the nucleus and carries a negative charge.;particle;molecule;enzyme;proton
electron;The ELECTRON is a fundamental component of atoms, playing a crucial role in electricity and chemical reactions.;particle;compound;species;unit
electron;Scientists discovered that the ELECTRON is much lighter than the proton and neutron.;particle;chemical;solvent;vitamin
** enshrine;** The rights of individuals were ENSHRINED in the constitution to ensure they are protected for future generations.;** embedded;** ignored;** misunderstood;** hindered
** enshrine;** The hero's legacy was ENSHRINED in the city's history through numerous monuments and annual celebrations.;** immortalized;** criticized;** concealed;** overlooked
** enshrine;** The cultural traditions of the community were ENSHRINED in their festivals and ceremonies.;** preserved;** disrupted;** diluted;** trivialized
** disintegrate;** The ancient scroll began to DISINTEGRATE as soon as it was exposed to the open air.;** crumble;** prosper;** illuminate;** ascend
** disintegrate;** Over time, the statue's surface started to DISINTEGRATE due to constant exposure to rain and wind.;** break down;** solidify;** brighten;** assemble
** disintegrate;** The team morale began to DISINTEGRATE after a series of losses.;** deteriorate;** enhance;** fabricate;** motivate
** notorious;** The gangster was NOTORIOUS for his ruthless tactics and evasion of the law.;** infamous;** famous;** celebrated;** illustrious
** notorious;** The city is NOTORIOUS for its high crime rate and unsafe neighborhoods.;** infamous;** renowned;** popular;** reputable
** notorious;** Her NOTORIOUS behavior at the last party led many to avoid inviting her to future events.;** infamous;** admired;** respected;** well-known
crematorium;After the funeral, the family gathered at the CREMATORIUM for the final rites.;incinerator;cathedral;gallery;auditorium
crematorium;The structure of the CREMATORIUM was recently renovated to ensure it met all safety standards.;incinerator;monument;cafeteria;observatory
crematorium;The local authorities declared the CREMATORIUM as a public facility for the community.;incinerator;museum;library;theater
** supertanker;** The large SUPERTANKER slowly navigated through the narrow strait, its massive hull dwarfing nearby vessels.;** oil tanker;** yacht;** submarine;** fishing boat
** supertanker;** Laden with crude oil, the SUPERTANKER's voyage across the Atlantic was closely monitored by environmental agencies.;** oil tanker;** cargo ship;** cruise liner;** speedboat
** supertanker;** The construction of the new SUPERTANKER is expected to boost the local economy by providing numerous jobs at the shipyard.;** oil tanker;** sailboat;** tugboat;** ferry
** deteriorate;** If you leave untreated metal outside in the rain, it will eventually DETERIORATE.;** degrade;** shine;** grow;** elevate
** deteriorate;** The patient's condition began to DETERIORATE rapidly after the infection set in.;** worsen;** improve;** stabilize;** heal
** deteriorate;** After years of neglect, the historic building started to DETERIORATE.;** decay;** flourish;** increase;** construct
** polygonal;** The artist's newest piece features a POLYGONAL arrangement of shapes, creating a visually striking pattern.;** geometric;** chaotic;** colorful;** disordered
** polygonal;** The landscape in the video game is interestingly POLYGONAL, giving it a unique and modern aesthetic.;** multi-sided;** flat;** green;** artificial
** polygonal;** During the geometry lesson, the teacher asked the students to identify the POLYGONAL shapes amongst the various figures on the board.;** angular;** circular;** random;** mixed
cygnet;The family of swans gracefully glided across the pond, with a single CYGNET trailing closely behind.;baby swan;duckling;gosling;hatchling
cygnet;During our walk by the lake, we were delighted to spot a CYGNET following its mother.;young swan;bird;fish;frog
cygnet;The zookeeper explained that the fluffy CYGNET would grow into a majestic swan in a few months.;juvenile swan;eagle;owl;chick
** zoological;** The city's ZOOLOGICAL park is home to over 200 different species of animals.;** animal;** botanical;** historical;** architectural
** zoological;** The ZOOLOGICAL research conducted by the team provided new insights into animal behavior.;** animal;** botanical;** geological;** meteorological
** zoological;** The museum's ZOOLOGICAL exhibit showcased specimen from various wildlife habitats.;** animal;** archaeological;** musical;** astronomical
** enact;** The government decided to ENACT a new policy to improve air quality.;** implement;** discuss;** analyze;** postpone
** enact;** It often takes years to ENACT significant changes in the healthcare system.;** establish;** consider;** revise;** ignore
** enact;** The local council will ENACT new regulations to address the housing crisis.;** pass;** reject;** draft;** debate
chancy;The mountain climb was too CHANCY for most of the group to attempt.;risky;easy;boring;fun
chancy;Investing in that startup seems a bit CHANCY considering the current market conditions.;unpredictable;profitable;mundane;simple
chancy;The weather made the outdoor event somewhat CHANCY, but they decided to go ahead with it.;uncertain;enjoyable;routine;expensive
** inbound;** The airport does not have enough gates to accommodate all the INBOUND flights during peak hours.;** arriving;** departing;** circling;** delaying
** inbound;** The traffic report indicates that there is heavy congestion on all major INBOUND routes into the city this morning.;** incoming;** outbound;** bypassing;** diverted
** inbound;** The sales team is preparing for an influx of INBOUND queries after the latest product launch.;** incoming;** outgoing;** random;** minor
** psychopathic;** The main character exhibited PSYCHOPATHIC tendencies, manipulating everyone around him without any remorse.;** antisocial;** generous;** empathetic;** sociable
** psychopathic;** Her PSYCHOPATHIC behavior was apparent when she calmly described her plans to harm others without any sign of guilt.;** callous;** friendly;** joyful;** harmless
** psychopathic;** The serial killer's actions were identified as being PSYCHOPATHIC, showing a complete lack of empathy and moral awareness.;** unfeeling;** kind;** compassionate;** remorseful
** gavotte;** The elegant dancers moved gracefully across the ballroom floor, performing a lively GAVOTTE.;** unfeeling;** speech;** feast;** debate
** gavotte;** At the historical reenactment, the performers charmed the audience with their stunning costumes and a traditional GAVOTTE.;** unfeeling;** play;** meal;** chant
** gavotte;** The music teacher assigned each student a classical piece to learn, and Jessica chose a lively GAVOTTE.;** unfeeling;** instrument;** poem;** presentation
stanza;The poet composed a beautiful STANZA that captivated everyone at the reading.;verse;paragraph;chapter;section
stanza;Each STANZA in the poem adds a new layer of meaning to the overall theme.;verse;note;sentence;topic
stanza;The first STANZA of his latest poem received a round of applause from the audience.;verse;word;line;excerpt
crudeness**;** Despite his obvious talent, his CRUDENESS in social situations often left people feeling uncomfortable.;** roughness;** politeness;** sophistication;** elegance
crudeness**;** The CRUDENESS of the hand-drawn map made it difficult to decipher the actual route.;** inelegance;** clarity;** precision;** intricacy
crudeness**;** The comedian's CRUDENESS often bordered on offensive, alienating some members of the audience.;** vulgarity;** humor;** decorum;** gentleness
** nocturne;** The pianist beautifully performed a NOCTURNE, captivating everyone in the audience.;** night piece;** lively tune;** morning song;** quick march
** nocturne;** As the sun set, she felt inspired to create a NOCTURNE that echoed the peacefulness of the evening.;** night composition;** festive anthem;** wedding march;** afternoon symphony
** nocturne;** Listening to the NOCTURNE, he felt a wave of calm wash over him, perfect for his late-night relaxation.;** nighttime music;** upbeat melody;** sunrise hymn;** fast-paced rhythm
** cancan;** The dancers at the show performed an energetic CANCAN that captivated the entire audience.;** dance;** song;** act;** speech
** cancan;** The lively CANCAN originated in France and became a popular form of entertainment in the 19th century.;** dance;** painting;** recipe;** story
** cancan;** During the festival, the highlight was the spectacular CANCAN performed by the local dance troupe.;** dance;** parade;** lecture;** sculpture
boldface;The article's key points were highlighted in BOLDFACE to draw readers' attention.;emphasis;italics;frustration;doubt
boldface;On the signage, important information was printed in BOLDFACE for better visibility.;prominence;punctuation;ambiguity;elegance
boldface;The teacher asked the students to use BOLDFACE for their headings in the report to make them stand out.;strong;narrow;soft;unclear
recall;;;;;
recall;;;;;
recall;;;;;
remnant;They found a REMNANT of the ancient civilization beneath the desert sands.;remainder;arrival;monument;city
remnant;The archaeologists were excited to discover a tiny REMNANT of pottery hidden in the ruins.;fragment;structure;symbol;artwork
remnant;After the fire, only a small REMNANT of the forest was left standing.;leftover;growth;expanse;view
** underfunded;** The community center had to cancel many programs because it was UNDERFUNDED.;** financially deprived;** overwhelmed;** affluent;** spacious
** underfunded;** Many public schools are severely UNDERFUNDED, leading to a lack of educational resources.;** lacking money;** well-managed;** strategically planned;** overstaffed
** underfunded;** The healthcare system in the rural areas remains UNDERFUNDED, affecting the quality of services provided.;** insufficiently financed;** adequately resourced;** densely populated;** expertly staffed
** Caster;** The chair's CASTER was broken, making it difficult to move around the room.;** wheel;** arm;** seat;** leg
** Caster;** Each shopping cart in the store had at least one squeaky CASTER that needed fixing.;** wheel;** handle;** basket;** rack
** Caster;** The replacement CASTERs arrived in the mail, and we quickly installed them on the table so it could be moved easily.;** wheels;** legs;** hinges;** screws
vending**;** The new office building has a VENDING machine on every floor for employees to purchase snacks and drinks.;** dispensing;** selling;** collecting;** organizing
vending**;** The school recently installed a VENDING machine that provides healthy options for students.;** dispensing;** renting;** owning;** displaying
vending**;** During the late hours, the only place to get a drink was from the VENDING machine in the hallway.;** dispensing;** managing;** packing;** stacking
** functionary;** As a mid-level FUNCTIONARY, George was responsible for implementing the new company policies, but he had no say in their creation.;** bureaucrat;** janitor;** executive;** intern
** functionary;** The government FUNCTIONARY ensured all necessary paperwork was completed for the new regulations.;** official;** visitor;** neighbor;** advisor
** functionary;** Maria saw her role as a FUNCTIONARY as critical to the smooth operation of the municipal office, even if she wasn’t in the spotlight.;** administrator;** artist;** volunteer;** detective
** abduction;** The police investigated the ABUDCTION of the young girl from her neighborhood.;** kidnapping;** rescue;** migration;** celebration
** abduction;** The movie’s plot revolved around the ABUDCTION of an alien by government agents.;** capture;** release;** conference;** investigation
** abduction;** His sudden ABUDCTION on his way home from work shocked the entire community.;** seizure;** arrival;** attraction;** dismissal
** fatback;** The chef decided to add some FATBACK to the stew to enhance its flavor.;** pork;** seasoning;** vegetable;** spice
** fatback;** During the holiday season, my grandmother always used FATBACK as a key ingredient in her famous green beans recipe.;** bacon;** sugar;** flour;** water
** fatback;** Southern cuisine often incorporates FATBACK to add richness and depth to the dishes.;** lard;** pasta;** herbs;** broth
** prequel;** The film serves as a PREQUEL to the original series, exploring the backgrounds of key characters.;** predecessor;** sequel;** interruption;** summary
** prequel;** Fans were eager to watch the PREQUEL to learn more about the story's origins.;** antecedent;** finale;** hiatus;** segment
** prequel;** The new novel acts as a PREQUEL, shedding light on events that occurred before the first book.;** precursor;** epilogue;** intermission;** article
authoritative;** The professor's tone was AUTHORITATIVE, making the students feel confident in his knowledge.;** commanding;** surprising;** relaxed;** hesitant
authoritative;** The guidebook was considered AUTHORITATIVE on the subject of ancient Greek culture.;** reliable;** confusing;** amusing;** outdated
authoritative;** Her AUTHORITATIVE voice made it clear that she was in charge of the project.;** assertive;** monotonous;** soothing;** hesitant
** surly;** The waiter was so SURLY that we decided to leave the restaurant and eat somewhere else.;** rude;** polite;** cheerful;** quiet
** surly;** Despite the SURLY weather forecast, the family decided to go camping anyway.;** unfriendly;** clear;** sunny;** warm
** surly;** His SURLY attitude at the party made others uncomfortable and eager to leave early.;** grumpy;** charming;** helpful;** enthusiastic
** unpublished;** The author decided to keep her latest novel UNPUBLISHED until she was satisfied with the final manuscript.;** unissued;** edited;** sold;** written
** unpublished;** Many of his poems remained UNPUBLISHED during his lifetime, only becoming widely known after his death.;** unreleased;** acclaimed;** forgotten;** read
** unpublished;** The researchers were frustrated that their groundbreaking study results were still UNPUBLISHED due to delays in the review process.;** not yet printed;** approved;** available;** funded
;;;;;
;;;;;
;;;;;
mentor;** After joining the company, I was assigned a MENTOR to help me learn the ropes and develop my skills.;** guide;** rival;** competitor;** colleague
mentor;** She always looked up to her MENTOR, who provided invaluable advice throughout her career.;** advisor;** friend;** subordinate;** employee
mentor;** The young artist credited her success to her MENTOR, who taught her the intricacies of painting.;** coach;** critic;** student;** follower
** americanize;** The company decided to AMERICANIZE their product line to appeal more to customers in the United States.;** assimilate;** diversify;** simplify;** export
** americanize;** The immigrants worked hard to AMERICANIZE their customs while trying to fit into the new society.;** integrate;** preserve;** embellish;** isolate
** americanize;** The foreign film was edited to AMERICANIZE it before its release in the U.S. market.;** westernize;** enrich;** diminish;** diversify
** fictionalize;** The author decided to FICTIONALIZE the true events of her life for her new novel, adding magical elements to make the story more captivating.;** fabricate;** narrate;** describe;** summarize
** fictionalize;** In order to keep the audience intrigued, the screenwriters chose to FICTIONALIZE the historical timeline of the events.;** invent;** report;** document;** translate
** fictionalize;** The filmmaker chose to FICTIONALIZE the biography, including many scenes that never actually happened to make the plot more engaging.;** embellish;** portray;** record;** illustrate
ultrasound;The doctor recommended an ULTRASOUND to get a clearer picture of the baby's development.;sonogram;surgery;pill;exam
ultrasound;During the ULTRASOUND, the technician pointed out the baby's tiny heartbeat on the screen.;scan;operation;treatment;medication
ultrasound;The veterinarian used an ULTRASOUND to check the health of the pregnant dog.;imaging;injection;biopsy;test
** astrologist;** The ASTROLOGIST studied the stars and planets to provide insights into someone's future.;** astrologer;** biologist;** engineer;** meteorologist
** astrologist;** An ASTROLOGIST often uses a birth chart to make predictions based on the alignment of celestial bodies.;** astrologer;** chemist;** geologist;** historian
** astrologist;** The ASTROLOGIST claimed that the position of the planets could influence a person's personality traits.;** astrologer;** physicist;** sociologist;** botanist
** untwine;** As the ship's crew hurried to set sail, they worked to UNTWNINE the ropes from the dock.;** disentangle;** tighten;** decorate;** inspect
** untwine;** She carefully began to UNTWNINE her necklace from her scarf, ensuring it wouldn't break.;** uncoil;** admire;** fasten;** discard
** untwine;** The gardener had to UNTWNINE the ivy that had grown around the tree's branches.;** unravel;** water;** shape;** count
** evaluator;** During the job interview, the EVALUATOR asked detailed questions to understand my technical skills.;** assessor;** applicant;** interviewer;** participant
** evaluator;** The company hired an independent EVALUATOR to review the new project proposal.;** assessor;** contractor;** designer;** stakeholder
** evaluator;** To ensure fairness, the competition had an official EVALUATOR overseeing the scoring process.;** assessor;** competitor;** organizer;** referee
** broadside;** The politician released a BROADSIDE against the new policy, criticizing its potential impacts on the economy.;** criticism;** agreement;** proposal;** summary
** broadside;** The newspaper printed a scathing BROADSIDE directed at the mayor’s recent decisions.;** attack;** praise;** update;** notice
** broadside;** In a surprising move, the CEO delivered a BROADSIDE to the board, highlighting all the failures of the past quarter.;** denunciation;** suggestion;** description;** summary
rigorous;** In a surprising move, the CEO delivered a BROADSIDE to the board, highlighting all the failures of the past quarter.;strict;relaxed;fair;easy
rigorous;** In a surprising move, the CEO delivered a BROADSIDE to the board, highlighting all the failures of the past quarter.;demanding;casual;enjoyable;simple
rigorous;** In a surprising move, the CEO delivered a BROADSIDE to the board, highlighting all the failures of the past quarter.;meticulous;haphazard;arbitrary;straightforward
** radioactive;The scientists discovered that the material they were working with was highly RADIOACTIVE, making it dangerous to handle without proper protection.;hazardous;productive;decorative;sustainable
** radioactive;After the nuclear accident, the area around the plant was declared RADIOACTIVE, and residents were evacuated immediately.;contaminated;picturesque;noisy;delightful
** radioactive;The key challenge in disposing of RADIOACTIVE waste is ensuring that it does not contaminate the environment over thousands of years.;toxic;organic;reasonable;digestible
** bridegroom;** The BRIDEGROOM was nervous yet excited as he waited for the ceremony to begin.;** groom;** usher;** father;** flower
** bridegroom;** Everyone cheered as the BRIDEGROOM kissed the bride under the gazebo.;** groom;** best man;** guest;** officiant
** bridegroom;** The BRIDEGROOM's suit was tailored perfectly, complementing the bride’s elegant gown.;** groom;** ring bearer;** photographer;** caterer
theorist;** The THOERIST presented a groundbreaking model that redefined how we understand social dynamics.;** scholar;** critic;** administrator;** practitioner
theorist;** As a leading THEORIST in cognitive science, she published numerous papers on human learning.;** researcher;** teacher;** artist;** counselor
theorist;** The young THOERIST gained recognition for his innovative ideas in quantum mechanics.;** academic;** technician;** engineer;** entrepreneur
** crux;** The CRUX of the argument was whether the company's actions were ethical or not.;** essence;** side;** decoration;** edge
** crux;** Understanding the CRUX of the problem requires a deep analysis of the initial data.;** core;** surface;** margin;** exterior
** crux;** At the CRUX of the issue is a lack of communication between the teams.;** heart;** fringe;** extremity;** boundary
** felony;** The suspect was arrested and charged with a FELONY after the bank robbery.;** serious crime;** minor offense;** accident;** oversight
** felony;** Committing a FELONY can result in severe consequences, including long prison sentences.;** major crime;** minor misdeed;** mistake;** error
** felony;** The judge explained that a FELONY is much more severe than a misdemeanor.;** grave offense;** confusion;** misunderstanding;** mishap
wallflower;At the party, she felt like a WALLFLOWER, standing shyly in the corner and not participating in the conversations.;introvert;dancer;host;entertainer
wallflower;He was a WALLFLOWER during the conference, hardly speaking a word and avoiding the large groups.;loner;speaker;organizer;panelist
wallflower;Despite being a WALLFLOWER in social settings, she was a star in her academic pursuits, contributing significantly in class.;recluse;leader;presenter;initiator
wallflower;** The extra funding from the government was a GODSEND for the struggling community center.;** blessing;** curse;** disaster;** burden
wallflower;** The new teacher was a GODSEND to the overcrowded school, bringing fresh energy and new teaching methods.;** boon;** challenge;** nuisance;** distraction
wallflower;** The discovery of the new medicine was a GODSEND for patients suffering from the rare disease.;** miracle;** problem;** harm;** mistake
** gowned;** The discovery of the new medicine was a GODSEND for patients suffering from the rare disease.;** dressed;** adorned;**, unmasked;** robed
** gowned;** The discovery of the new medicine was a GODSEND for patients suffering from the rare disease.;** clothed;** burdened;** resolved;** crowned
** gowned;** The discovery of the new medicine was a GODSEND for patients suffering from the rare disease.;** attired;** seated;** conversed;** consumed
** headmastership;** After years of dedication to the school, Mr. Thompson finally achieved his HEADMASTERSHIP.;** leadership;** enrollment;** participation;** examination
** headmastership;** The success of the new policies was largely attributed to her innovative approach to HEADMASTERSHIP.;** management;** performance;** attendance;** curriculum
** headmastership;** Under his HEADMASTERSHIP, the school saw a significant increase in student achievements and overall quality of education.;** directorship;** scholarship;** instruction;** communication
hoaxer;The police finally caught the HOAXER who had been tricking people with his fake charity schemes.;fraudster;benefactor;investigator;volunteer
hoaxer;The online community quickly identified the HOAXER who spread the false news about the celebrity.;deceiver;supporter;critic;follower
hoaxer;The journalists uncovered the true identity of the HOAXER responsible for the misleading viral video.;trickster;filmmaker;writer;advocate
** overmatch;** The young chess prodigy was able to OVERMATCH his seasoned opponent, surprising everyone at the tournament.;** outclass;** consult;** doubt;** question
** overmatch;** The new software's capabilities completely OVERMATCH the older version, making it the preferred choice for most users.;** surpass;** hinder;** complicate;** simplify
** overmatch;** The boxer trained rigorously to ensure he could OVERMATCH any potential challenger in the ring.;** outfight;** assist;** evade;** disregard
** manful;** Despite the challenges, he made a MANFUL effort to complete the project on time.;** valiant;** hesitant;** careless;** reluctant
** manful;** Her MANFUL dedication to her job earned her the respect of her colleagues.;** courageous;** lazy;** passive;** trivial
** manful;** They put up a MANFUL fight against the more experienced team in the championship.;** brave;** timid;** clumsy;** indifferent
** antiperspirant;** John applied his favorite ANTIPERSPIRANT before heading out for the marathon.;** deodorant;** lotion;** cream;** perfume
** antiperspirant;** She always carried an ANTIPERSPIRANT in her gym bag for a quick refresh after workouts.;** deodorant;** shampoo;** water bottle;** towel
** antiperspirant;** Due to excessive sweating, Mark decided to use a stronger ANTIPERSPIRANT recommended by his doctor.;** deodorant;** bandage;** moisturizer;** sunscreen
** coarseness;** The COARSENESS of the sandpaper made it perfect for smoothing rough wooden surfaces.;** roughness;** softness;** brightness;** thickness
** coarseness;** She was shocked by the COARSENESS of his language during the formal dinner.;** rudeness;** politeness;** humor;** eloquence
** coarseness;** The COARSENESS of the fabric made it uncomfortable to wear as clothing.;** harshness;** smoothness;** warmth;** lightness
** pesticide;** Farmers often use a strong PESTICIDE to protect their crops from insects.;** insecticide;** fertilizer;** herbicide;** fungicide
** pesticide;** The use of PESTICIDE in agriculture has raised concerns about its impact on human health and the environment.;** insecticide;** vitamin;** compound;** chemical
** pesticide;** To ensure a healthy yield, the farmer sprayed a PESTICIDE across the entire field.;** insecticide;** water;** nutrient;** sealant
** determinate;** The results of the experiment were so clear and specific that they left a DETERMINATE conclusion for the researchers.;** definite;** confusing;** possible;** vague
** determinate;** Her role in the project was DETERMINATE and well-defined, leaving no room for misunderstanding.;** fixed;** optional;** variable;** complex
** determinate;** The committee reached a DETERMINATE decision after hours of discussion, making the outcome certain.;** conclusive;** tentative;** debatable;** uncertain
** asset;** The new marketing strategy proved to be a valuable ASSET to the company's growth.;** resource;** challenge;** obstacle;** expense
** asset;** The team's strongest ASSET is their ability to innovate quickly.;** advantage;** liability;** struggle;** weakness
** asset;** A good education is an important ASSET in today's competitive job market.;** benefit;** burden;** complication;** requirement
aghast;** Emily was AGHAST when she saw the damage the storm had caused to her garden.;** horrified;** confused;** delighted;** curious
aghast;** The crowd stood AGHAST as the magician performed his most dangerous trick yet.;** shocked;** aware;** amused;** impressed
aghast;** The teacher was AGHAST at the student's disrespectful behavior during the lecture.;** appalled;** indifferent;** amused;** pleased
** taxable;** Any income you earn from freelance work is considered TAXABLE.;** subject to tax;** non-taxable;** optional;** voluntary
** taxable;** The accountant confirmed that the inheritance she received was TAXABLE.;** liable for tax;** exempt;** negotiable;** irrelevant
** taxable;** Before making financial decisions, they reviewed which investments were TAXABLE.;** assessable;** negligible;** deferred;** reduced
** neutron;** In a nuclear reactor, a NEUTRON can initiate a chain reaction by causing other atoms to split.;** particle;** object;** computer;** liquid
** neutron;** Scientists discovered that a NEUTRON has no electric charge and is found in the nucleus of an atom.;** particle;** molecule;** electron;** proton
** neutron;** The NEUTRON plays a crucial role in the stability of an atom’s nucleus.;** particle;** nucleus;** element;** force
** featherhead;** Jake can be such a FEATHERHEAD at times, forgetting his keys and wallet everywhere.;** fool;** genius;** scholar;** legend
** featherhead;** Despite the teacher's clear instructions, the FEATHERHEAD couldn't follow the simplest task.;** scatterbrain;** expert;** adviser;** manager
** featherhead;"** Emily is not a FEATHERHEAD; she always double-checks her work for errors.";** idiot;** mentor;** champion;** hero
** adrenaline;** The sight of the looming deadline caused a surge of ADRENALINE, pushing her to work faster.;** excitement;** confusion;** satisfaction;** fatigue
** adrenaline;** When the roller coaster started its descent, he felt a rush of ADRENALINE that made him scream with joy.;** thrill;** apathy;** anger;** hunger
** adrenaline;** The athlete's ADRENALINE kicked in during the final lap, giving her the energy she needed to win the race.;** energy;** doubt;** memory;** pain
