Target_Word,Stem,Correct_Response,Response_B,Response_C,Response_D
apprehensive,Sarah felt APPREHENSIVE about her first day at the new school.,anxious,excited,confident,indifferent
apprehensive,He was APPREHENSIVE as the deadline for the important project approached.,nervous,eager,relaxed,prepared
apprehensive,The travelers were APPREHENSIVE when they noticed the storm clouds gathering.,uneasy,thrilled,ignorant,nonchalant
paranoid,"Because he was PARANOID, he always thought his coworkers were talking behind his back.",suspicious,carefree,confident,joyful
paranoid,"The doctor assured her that there was nothing to worry about, but she remained PARANOID.",fearful,relaxed,cheerful,indifferent
paranoid,His PARANOID behavior caused him to install multiple security cameras around his home.,distrustful,calm,content,exuberant
devour,The children were so hungry that they began to DEVOUR the sandwiches as soon as they were served.,consume,admire,ignore,decorate
devour,"After the long hike, the campers sat by the fire to DEVOUR their dinner.",gobble,discuss,examine,scatter
devour,"The wolves moved quickly to DEVOUR their prey, leaving nothing behind.",eat,create,protect,observe
Statehood,"After years of debate and political struggle, the territory was finally granted STATEHOOD.",autonomy,legislation,infrastructure,citizenship
Statehood,The celebrations to mark the centennial of STATEHOOD included a parade and fireworks.,sovereignty,governance,heritage,diversity
Statehood,Achieving STATEHOOD meant that the region could now elect its own representatives in the federal government.,independence,population,economy,culture
contour,The artist carefully outlined the CONTOUR of the model's face in the sketch.,outline,shadow,color,texture
contour,"The hiker's map showed every CONTOUR of the mountain terrain, making it easy to plan his route.",outline,peak,forest,rock
contour,The makeup artist used different shades to highlight and define the CONTOUR of her cheekbones.,shape,sparkle,hue,length
contour,"The process will OXYGENATE the water, making it suitable for the fish to breathe.",aerate,warm,filter,boil
contour,"To ensure the muscles receive enough energy, it's important to OXYGENATE the blood during heavy exercise.",enrich,dehydrate,dilute,cool
contour,The plant’s roots need to OXYGENATE through proper soil management to promote healthy growth.,ventilate,moisturize,fertilize,compact
untimely,Her UNTIMELY death shocked the entire community.,premature,predictable,averted,harmonious
untimely,The UNTIMELY arrival of the storm disrupted our outdoor event.,premature,welcome,sluggish,awkward
untimely,The CEO's UNTIMELY resignation left the company in disarray.,premature,celebrated,prolonged,notorious
angelical,Her ANGELICAL voice soothed everyone in the room.,heavenly,harsh,loud,grating
angelical,The ANGELICAL appearance of the child captivated all who saw her.,divine,ordinary,mischievous,tired
angelical,His ANGELICAL demeanor made him a favorite among the teachers.,pure,rude,exhausted,confused
siege,"The castle endured a long SIEGE, with supplies dwindling and morale sinking.",blockade,celebration,journey,refurbishment
siege,"During the SIEGE, the defenders tried to negotiate terms of surrender with the besieging army.",blockade,festival,expedition,reconstruction
siege,"The ancient city was under SIEGE for months, with enemy forces surrounding it completely.",blockade,vacation,appointment,restoration
contemporary,The gallery showcases CONTEMPORARY artworks from various modern artists.,modern,ancient,traditional,classical
contemporary,"As a CONTEMPORARY of Shakespeare, Christopher Marlowe shared similar themes in his plays.",peer,critic,historian,admirer
contemporary,The architect used CONTEMPORARY designs to give the building a sleek and up-to-date look.,current,historical,outdated,rustic
trine,"The ancient manuscript detailed how every 20 years, a rare TRINE of planets would be visible in the night sky.",alignment,explosion,discovery,mystery
trine,"Astrologers believe that when a TRINE occurs, it often signifies a period of harmony and balance.",conjunction,conflict,separation,growth
trine,"During the TRINE, the three celestial bodies formed a perfect triangle, mesmerizing everyone at the observatory.",configuration,alignment,disturbance,chaos
screenwriting,Sarah decided to take a course in SCREENWRITING to enhance her ability to create captivating movie scripts.,scriptwriting,drawing,singing,dancing
screenwriting,"SCREENWRITING requires a unique set of skills, different from those needed for writing novels or short stories.",scriptwriting,cooking,gardening,decorating
screenwriting,His passion for SCREENWRITING began when he watched his first classic film and imagined writing his own someday.,scriptwriting,acting,painting,sculpting
glum,"After hearing the bad news, she had a very GLUM expression on her face.",sad,happy,curious,excited
glum,The team was feeling GLUM after losing the championship game.,dejected,joyful,energetic,hopeful
glum,He seemed GLUM as he stared out the window at the rain.,gloomy,ecstatic,attentive,calm
cosmology,"In his lectures, the professor discussed the principles of COSMOLOGY and how they relate to the origins of the universe.",astrophysics,geology,anthropology,archaeology
cosmology,The book on COSMOLOGY provided an in-depth understanding of the universe’s evolution from the Big Bang to the present day.,astrophysics,biology,sociology,archaeology
cosmology,She decided to major in COSMOLOGY to explore the fundamental questions about the universe's origin and structure.,astrophysics,botany,musicology,economics
treble,The musician adjusted the settings to increase the TREBLE for a brighter sound.,high-frequency,bass,tempo,rhythm
treble,The audio engineer boosted the TREBLE to make the vocals clearer in the mix.,high-pitched,volume,balance,harmony
treble,"When the TREBLE was too high, the sound became sharp and piercing.",treble,distortion,duration,tone
sexist,The manager's remarks about female employees were considered SEXIST by the entire office.,discriminatory,complimentary,encouraging,indifferent
sexist,Her colleagues accused her of being SEXIST after she made derogatory comments about men's abilities.,prejudiced,thoughtful,curious,humble
sexist,The legislation aimed to address SEXIST practices in the workplace.,biased,innovative,popular,routine
protrusion,The rock had a small PROTRUSION that tripped several hikers.,bulge,indentation,groove,crack
protrusion,The PROTRUSION on the surface of the table made it difficult to write smoothly.,lump,depression,stain,design
protrusion,"Due to the PROTRUSION on the wall, hanging the painting perfectly flat was a challenge.",bump,hole,mark,artwork
larval,"The scientific study focused on the LARVAL stage of butterflies, an essential period before they become adults.",juvenile,mature,ancient,complete
larval,"In the aquarium, the fish are in their LARVAL form, requiring special care and feeding.",immature,developed,ancient,final
larval,The biologist emphasized the vulnerability of marine organisms during their LARVAL phase.,early,sophisticated,stagnant,last
absurd,The idea that the earth is flat is completely ABSURD.,ridiculous,fascinating,conventional,significant
absurd,It seemed ABSURD to wear a coat in the middle of summer.,nonsensical,stylish,elegant,traditional
absurd,The notion that he could finish his homework in ten minutes was simply ABSURD.,preposterous,diligent,plausible,acceptable
fusspot,"Ever since he became manager, John has turned into a real FUSSPOT, always worrying about the smallest details.",perfectionist,slacker,enthusiast,optimist
fusspot,Sarah’s friends find it hard to keep up with her demands sometimes because she can be such a FUSSPOT about things being in order.,nitpicker,leader,newcomer,dreamer
fusspot,"Because Martha is a FUSSPOT when it comes to cleanliness, her house is always spotless but it drives her family crazy.",fussbudget,traveler,extrovert,gambler
bighorn,"While hiking in the mountains, we were fortunate enough to spot a BIGHORN on a rocky ledge.",sheep,bird,lizard,bear
bighorn,"The national park is famous for its diverse wildlife, including the majestic BIGHORN.",sheep,deer,rabbit,fox
bighorn,"Rangers at the wildlife reserve are dedicated to protecting the BIGHORN, which is often targeted by poachers.",sheep,wolf,eagle,tiger
smoggy,"The air in the city was very SMOGGY, making it difficult to see the skyline.",hazy,clear,breezy,humid
smoggy,"Because the weather was SMOGGY, many people decided to stay indoors.",polluted,sunny,windy,calm
smoggy,The SMOGGY conditions in the industrial area were a cause for health concerns.,foggy,pristine,arid,tranquil
cock,The rooster began to COCK its head curiously at the noise coming from the barn.,tilt,hide,boast,perch
cock,She had to COCK the hammer back before taking aim with the rifle.,pull back,hide,drop,lift
cock,He always had to COCK his hat at a jaunty angle before leaving the house.,tilt,clean,remove,straighten
flatfoot,The detective was known on the street as a reliable FLATFOOT who could always be counted on to solve the case.,police officer,firefighter,teacher,doctor
flatfoot,"Losing his balance, he stumbled like a true FLATFOOT at the dance competition.",clumsy person,seasoned dancer,enthusiastic spectator,experienced judge
flatfoot,"The old FLATFOOT’s days of chasing criminals were long behind him, but he still had valuable stories to tell.",detective,thief,musician,athlete
camion,The workers used a large CAMION to transport the construction materials to the site.,truck,vehicle,tool,machine
camion,"During the harvest season, a CAMION full of fresh produce arrives at the market daily.",lorry,van,basket,crate
camion,"The CAMION broke down on the highway, causing a significant delay in delivery.",truck,car,bike,cart
tote,She decided to TOTE all the groceries in a reusable bag instead of using plastic bags.,carry,cook,sell,store
tote,"During the hike, they had to TOTE their supplies across rough terrain.",transport,consume,leave,inspect
tote,The volunteers will TOTE chairs and tables to the park for the community event.,haul,borrow,forget,design
chairman,The CHAIRMAN of the board called the meeting to order promptly at 9 AM.,leader,assistant,guest,participant
chairman,"As the CHAIRMAN, he had the final say in all the company's major decisions.",head,employee,spectator,learner
chairman,The CHAIRMAN thanked all the stakeholders for their continued support and cooperation.,president,clerk,visitor,observer
heroin,The rising number of overdoses in the city has been attributed to the increase in HEROIN use.,narcotic,aspirin,vitamin,beverage
heroin,Law enforcement agencies are ramping up efforts to combat HEROIN trafficking across the state.,narcotic,contraband,produce,documents
heroin,Health officials are concerned about the surge in HEROIN addiction among teenagers.,narcotic,caffeine,medication,snacks
quibble,"During the meeting, John tended to QUIBBLE over minor details instead of focusing on the main issue.",bicker,agree,laugh,comply
quibble,The lawyer's tendency to QUIBBLE over insignificant points annoyed the judge and the jury.,nitpick,accept,applaud,abandon
quibble,We shouldn't QUIBBLE about the cost when the overall quality is what really matters in the project.,argue,celebrate,predict,hesitate
opulence,The palace's grandeur and OPULENCE were apparent in every gilded room and ornate hall.,luxury,simplicity,cleanliness,modesty
opulence,"The OPULENCE of the banquet left all the guests in awe, with its lavish decorations and sumptuous food.",extravagance,scarcity,harmony,enthusiasm
opulence,"Despite the city's economic challenges, the downtown area was a beacon of OPULENCE and prosperity.",wealth,poverty,decay,neutrality
perkiness,"Despite the early hour, Sarah's PERKINESS brightened everyone's spirits at the morning meeting.",cheerfulness,sadness,laziness,anger
perkiness,"The puppy's PERKINESS was contagious, causing everyone at the park to smile.",liveliness,lethargy,confusion,aggression
perkiness,"Thanks to the coffee, Mark's PERKINESS returned, making him much more productive at work.",energy,exhaustion,boredom,irritation
adaptive,"The new management system is highly ADAPTIVE, allowing it to respond quickly to changes in the market.",flexible,rigid,resistant,passive
adaptive,Animals in extreme environments tend to develop ADAPTIVE traits that help them survive.,accommodating,static,harmful,dormant
adaptive,His ADAPTIVE learning style enabled him to excel in various educational settings.,versatile,fixed,uninspired,strict
scrubwoman,The SCRUBWOMAN worked diligently to ensure that the office floors were spotless by morning.,cleaner,secretary,manager,designer
scrubwoman,"As the SCRUBWOMAN went about her tasks, she silently hummed a cheerful tune.",janitor,accountant,supervisor,receptionist
scrubwoman,The company's new SCRUBWOMAN was very efficient at handling the nightly cleaning duties.,custodian,technician,analyst,operator
indelicate,His attempt at humor was considered INDELICATE and offended many people at the dinner.,improper,amusing,polished,intelligent
indelicate,The sudden and INDELICATE comment she made left everyone in the room speechless.,tactless,humorous,heartfelt,friendly
indelicate,"In a moment of INDELICATE honesty, he revealed what he truly thought about his boss's proposal.",insensitive,delightful,articulate,vague
illusionist,The ILLUSIONIST captivated the audience with his mind-bending tricks and sleights of hand.,magician,actor,dancer,painter
illusionist,"As an experienced ILLUSIONIST, she was able to create the perfect distraction to pull off her trick.",conjurer,performer,musician,sculptor
illusionist,"The young boy aspired to become an ILLUSIONIST, fascinated by the mysterious world of magic.",trickster,scientist,writer,athlete
codebook,The researchers referred to the CODEBOOK to decode the encrypted messages.,manual,guide,wrapper,tablet
codebook,"In order to understand the survey data, the analysts used the CODEBOOK provided by the team.",reference,directory,container,metaphor
codebook,"Before starting their analysis, the scientists studied the CODEBOOK to become familiar with the terminology used.",glossary,anthology,mixture,device
misspent,"The funds provided for the charity were unfortunately MISSPENT, leading to a shortage of resources.",wasted,amplified,generated,preserved
misspent,She felt that her talents were MISSPENT in a job that didn't challenge her creatively.,squandered,developed,nurtured,respected
misspent,The politician’s term in office was criticized as being MISSPENT due to lack of significant policies.,misused,celebrated,shortened,extended
maintain,It is crucial to MAINTAIN a healthy diet to ensure long-term fitness.,sustain,disrupt,initiate,conclude
maintain,The engineer assured that they would MAINTAIN the bridge to prevent any accidents.,preserve,neglect,destroy,construct
maintain,"To win the championship, the team had to MAINTAIN their lead throughout the game.",uphold,lose,change,sell
awestruck,"The hikers stood at the edge of the Grand Canyon, completely AWESTRUCK by the magnificent view.",amazed,confused,uninterested,frightened
awestruck,The audience was AWESTRUCK by the magician's incredible performance.,astonished,bored,irritated,sleepy
awestruck,The little girl was AWESTRUCK as she watched the fireworks light up the night sky.,spellbound,hungry,annoyed,sleepy
oxbow,"The river carved out an OXBOW over centuries, creating a unique u-shaped bend.",meander,cliff,waterfall,delta
oxbow,"An OXBOW lake was formed when the river changed its course, leaving behind an isolated, curved body of water.",loop,spring,tributary,fjord
oxbow,"The dramatic OXBOW in the river was a favorite spot for photographers, capturing the natural beauty of its sweeping curves.",bend,ridge,island,plateau
warden,The PRISON'S WARDEN announced new policies to improve inmate rehabilitation programs.,superintendent,prisoner,visitor,officer
warden,"After months of careful planning, the WARDEN successfully implemented a new security system.",administrator,guard,janitor,technician
warden,The WARDEN of the wildlife reserve was pleased to see an increase in the population of endangered species.,guardian,predator,tourist,scientist
warden,"The ancient cliff dwellings were composed of soft, easily eroded SANDSTONE.",sedimentary rock,granite,marble,quartz
warden,The geologist explained that the layers within the SANDSTONE were formed over millions of years by sediment deposition.,sedimentary rock,igneous rock,metamorphic rock,pumice
warden,"Due to its porous nature, SANDSTONE is often used in buildings where intricate designs are required.",sedimentary rock,limestone,basalt,schist
shallows,The children enjoyed playing in the SHALLOWS by the lake where the water was only ankle-deep.,shallows,depths,rapids,waves
shallows,She carefully navigated her boat through the SHALLOWS to avoid getting stuck.,shallows,open sea,whirlpool,current
shallows,The marine biologist studied the ecosystems in the SHALLOWS near the shore.,shallows,cliffs,trenches,fields
samarium,"After the completion of the nuclear reactor, the engineers analyzed the role of SAMARIUM in the reactor's efficiency.",element,device,experiment,formula
samarium,The scientists discovered that SAMARIUM could be used to create more powerful magnets.,rare-earth metal,tool,sample,method
samarium,"Due to its capacity to absorb neutrons, SAMARIUM is often utilized in control rods for nuclear reactors.",material,design,structure,calculation
phosphorescent,The jellyfish glowed with a PHOSPHORESCENT light that illuminated the dark ocean.,glowing,dim,flickering,dark
phosphorescent,The artist used a PHOSPHORESCENT paint that made the artwork visible even in complete darkness.,luminous,opaque,matte,dull
phosphorescent,The PHOSPHORESCENT markings on the insect's body made it easily identifiable during night-time field research.,radiant,subdued,shadowy,bleak
privy,She was not PRVY to the confidential information discussed in the meeting.,aware,opposed,capable,reliant
privy,Only senior members of the team are PRVY to the details of the new project.,informed,assigned,interested,prejudiced
privy,"As a trusted advisor, he was PRVY to many personal secrets of the royal family.",confided,close,indifferent,responsible
bile,The doctor's report indicated that excessive production of BILE can lead to digestive problems.,gall,urine,saliva,blood
bile,His face turned red with BILE when he heard the unfair accusation.,anger,fear,joy,sorrow
bile,The BILE secreted by the liver is essential for the digestion of fats.,fluid,enzyme,hormone,vitamin
frontage,The new restaurant boasts a stunning FRONTAGE that attracts many customers.,facade,menu,kitchen,staff
frontage,The property has an impressive FRONTAGE overlooking the main road.,facade,garden,garage,basement
frontage,The store's charming FRONTAGE was decorated with festive lights for the holidays.,facade,sale,inventory,display
twain,"The river divided the land into TWAIN sections, each with its own distinct ecosystem.",two,upstream,large,ancient
twain,"The treasure map indicated that the path would split in TWAIN, leading explorers in separate directions.",two,danger,mystery,wilderness
twain,"The poet famously wrote about the day when the lovers would be together again, no longer separated by TWAIN roads.",two,winding,narrow,dusty
mediator,"During the heated debate, the MEDIATOR helped both sides come to a compromise.",arbitrator,contender,observer,speaker
mediator,A skilled MEDIATOR can often resolve conflicts more effectively than a confrontational approach.,negotiator,competitor,participant,judge
mediator,The corporation hired an outside MEDIATOR to manage the labor disputes and ensure a peaceful resolution.,intermediary,employee,contractor,supervisor
alternator,The mechanic discovered that the car wasn't starting because the ALTERNATOR was faulty.,generator,accelerator,battery,ignition
alternator,"After the long trip, the ALTERNATOR needed to be replaced to ensure the car's electrical system worked properly.",generator,radiator,transmission,exhaust
alternator,"When the headlights began to dim, he knew the problem was most likely a failing ALTERNATOR.",generator,carburetor,muffler,brake
jag,"After a three-day JAG of playing video games, Marcus finally decided to go outside and get some fresh air.",spree,break,period,task
jag,Emily went on a shopping JAG and came back with bags full of clothes.,spree,routine,project,schedule
jag,"After the emotional JAG of crying, Sofia felt exhausted but relieved.",outburst,interlude,sequence,event
divvy,"After the marathon, the organizers decided to DIVVY up the prize money equally among the top finishers.",distribute,cook,collect,subtract
divvy,The roommates need to DIVVY the household chores so that everyone contributes equally.,share,ignore,plan,increase
divvy,The team leader asked everyone to DIVVY the workload to ensure the project meets its deadline.,apportion,delay,create,understand
wormhole,Scientists believe that a WORMHOLE could allow faster-than-light travel by creating a shortcut through space and time.,tunnel,black hole,barrier,illusion
wormhole,"In the movie, the astronauts enter a WORMHOLE to explore a distant galaxy, hoping it will lead to habitable planets.",passage,crater,device,adventure
wormhole,The concept of a WORMHOLE is intriguing because it suggests a direct route connecting two distant points in the universe.,gateway,obstacle,theory,sensation
carefree,"The children played in the park, running around and laughing in their CAREFREE manner.",lighthearted,busy,attentive,worried
carefree,"On their vacation, the couple enjoyed a CAREFREE week exploring the countryside without any set plans.",relaxed,rigorous,solemn,anxious
carefree,Her CAREFREE attitude towards life often made her the center of attention at gatherings.,untroubled,meticulous,cautious,gloomy
readership,Her CAREFREE attitude towards life often made her the center of attention at gatherings.,audience,staff,budget,equipment
readership,Her CAREFREE attitude towards life often made her the center of attention at gatherings.,subscribers,printers,editors,revenue
readership,Her CAREFREE attitude towards life often made her the center of attention at gatherings.,followers,articles,contributors,format
boathouse,We decided to store our canoe in the BOATHOUSE for the winter to keep it safe.,dock,garage,barn,basement
boathouse,The couple rented a BOATHOUSE to enjoy their vacation by the river.,marina,hotel,apartment,chalet
boathouse,"After a long day on the lake, the fishermen returned their boat to the BOATHOUSE.",pier,restaurant,station,shed
ravishing,The bride looked absolutely RAVISHING in her elegant white gown.,stunning,plain,frugal,tiresome
ravishing,The countryside view was so RAVISHING that we stopped frequently to take pictures.,breathtaking,dull,confusing,temporary
ravishing,"Her performance as Juliet was RAVISHING, leaving the audience in awe.",enchanting,disappointing,ordinary,lengthy
furl,"After the ceremony, the scouts began to FURL the flag with great care.",roll up,raise,clean,wave
furl,"Before the storm hit, the sailors needed to FURL the sails to prevent any damage.",wrap up,hoist,sew,mend
furl,The campground guide instructed everyone to FURL their tents before leaving.,pack up,set up,inspect,clean
proportionate,The punishment should be PROPORTIONATE to the crime to ensure fairness.,commensurate,unrelated,unjust,heavy
proportionate,Her salary increase was PROPORTIONATE to her contribution to the project.,equivalent,irrelevant,minor,unexpected
proportionate,The amount of water used should be PROPORTIONATE to the number of plants in the garden.,corresponding,excessive,minimal,random
thoroughly,She reviewed her essay THOROUGHLY before submitting it to her professor.,meticulously,briefly,casually,occasionally
thoroughly,The inspector checked the equipment THOROUGHLY to ensure safety compliance.,comprehensively,hastily,intermittently,selectively
thoroughly,"After cleaning the house THOROUGHLY, she was exhausted but satisfied with the result.",completely,partially,randomly,quickly
buttonhook,The nurse used a BUTTONHOOK to fasten the small buttons on the patient's gown.,fastener,scissors,thread,needle
buttonhook,"While cleaning out the attic, I discovered an old BUTTONHOOK among my grandmother's belongings.",tool,photograph,letter,blanket
buttonhook,She demonstrated how to use a BUTTONHOOK to make fastening the buttons on her dress much easier.,device,trick,pattern,cloth
fantastical,The child's imagination was so FANTASTICAL that he could weave stories of dragons and fairies out of thin air.,imaginative,boring,logical,typical
fantastical,The artist's FANTASTICAL paintings captured a world of vivid colors and dreamlike landscapes.,whimsical,dull,ordinary,realistic
fantastical,"The movie featured FANTASTICAL creatures and enchanted forests, captivating the audience entirely.",magical,mundane,reasonable,practical
grueling,The marathon was so GRUELING that many runners collapsed from exhaustion during the race.,exhausting,refreshing,enjoyable,simple
grueling,"After a GRUELING week of final exams, the students were eager to relax and unwind.",arduous,easy-going,carefree,dull
grueling,The GRUELING climb to the mountain's peak left the hikers completely drained of energy.,strenuous,leisurely,effortless,relaxing
dustman,The GRUELING climb to the mountain's peak left the hikers completely drained of energy.,garbage collector,mailman,gardener,carpenter
dustman,The GRUELING climb to the mountain's peak left the hikers completely drained of energy.,trash collector,mechanic,chef,pilot
dustman,The GRUELING climb to the mountain's peak left the hikers completely drained of energy.,refuse collector,bus driver,baker,musician
gumbo,"At the family gathering, everyone savored the hearty bowl of GUMBO.",stew,salad,dessert,sandwich
gumbo,"The chef is famous for his delicious GUMBO, a dish that combines various spices and seafood.",soup,pie,casserole,smoothie
gumbo,"During Mardi Gras, one of the most popular dishes to enjoy is a steaming pot of GUMBO.",broth,sushi,pizza,pastry
urbane,The diplomat's URBANE manner made negotiations smoother and more pleasant.,sophisticated,rough,awkward,simplistic
urbane,"Despite the chaotic environment, she managed to maintain an URBANE demeanor that impressed everyone.",cultured,clumsy,naive,brash
urbane,"His URBANE conversation charmed the guests at the dinner party, making him the center of attention.",refined,dull,blunt,inexperienced
lonesomeness,"After moving to a new city, Sarah often felt an overwhelming sense of LONESOMENESS.",solitude,excitement,adventure,contentment
lonesomeness,The old cabin in the woods was filled with an air of LONESOMENESS after the family moved out.,isolation,chaos,warmth,noise
lonesomeness,"During the long winter nights, the shepherd kept the wolves at bay but couldn't escape the LONESOMENESS.",seclusion,boredom,excitement,companionship
blacklist,James was informed that he had been placed on a company BLACKLIST and was no longer eligible for promotions.,exclusion list,guest list,attendance sheet,menu
blacklist,"After the scandal, the author found himself on the publishing houses' BLACKLIST, unable to get his new books reviewed.",banned list,waiting list,bestseller list,table of contents
blacklist,"The school threatened to BLACKLIST students found cheating, barring them from future events.",prohibit,invite,encourage,monitor
electro,"The band's latest album features a wide range of genres, with a significant influence from ELECTRO music.",electronic,acoustic,jazz,classical
electro,"During the party, the DJ played a mix of house, techno, and ELECTRO tracks that kept everyone dancing all night.",electronic,funky,mellow,soulful
electro,"Many modern pop songs incorporate ELEMENTS of ELECTRO, making them popular in nightclubs.",electronic,classical,lyrical,narrative
reassert,"After the initial confusion, the leader quickly moved to REASSERT his authority over the team.",reaffirm,question,enhance,diminish
reassert,"In her closing argument, she aimed to REASSERT the main points to ensure the jury understood her stance.",emphasize,neglect,confuse,decorate
reassert,The company had to REASSERT its commitment to sustainability after facing severe public criticism.,reiterate,ignore,resolve,modify
Tabernacle,,,,,
Tabernacle,,,,,
Tabernacle,,,,,
guardroom,The soldiers gathered in the GUARDROOM to plan their next move.,watchroom,kitchen,library,garden
guardroom,The prisoner was taken to the GUARDROOM for interrogation after being captured.,watchroom,hall,classroom,office
guardroom,The captain instructed the new recruits to report to the GUARDROOM for their assignments.,watchroom,gym,lounge,auditorium
conscientious,"Sarah was very CONSCIENTIOUS in her preparation for the exam, ensuring she reviewed all the course material thoroughly.",diligent,careless,hesitant,quick
conscientious,"The team appreciated how CONSCIENTIOUS their leader was, always paying attention to every detail in the projects.",meticulous,spontaneous,mundane,erratic
conscientious,His CONSCIENTIOUS approach to his work meant he could be relied upon to produce high-quality results consistently.,attentive,lazy,hasty,indifferent
dethrone,"After a series of defeats, the once-mighty king was finally DETHRONED by his enemies.",removed,celebrated,assisted,reinforced
dethrone,The board members voted to DETHRONE the company’s CEO after the poor financial report.,oust,appoint,praise,consult
dethrone,Many believe that the reigning champion will be DETHRONED in the upcoming match.,unseated,promoted,cheered,followed
uncivilized,"The explorers encountered an UNCIVILIZED tribe in the dense jungle, one that had never had contact with the outside world.",barbaric,modern,tidy,friendly
uncivilized,"The villagers considered the new settlers’ behavior to be quite UNCIVILIZED, lacking any form of etiquette or decency.",rude,sophisticated,mundane,helpful
uncivilized,The early settlers faced harsh conditions and had to resort to what some would call UNCIVILIZED methods to survive in the new land.,savage,ethical,cautious,pleasant
fatality,"The accident on the highway resulted in a FATALITY, prompting an immediate investigation.",death,delay,rescue,celebration
fatality,"Due to the intense storm, the news reported a FATALITY in the coastal town.",casualty,arrival,victory,performance
fatality,The construction site was closed after a tragic FATALITY occurred yesterday.,demise,meeting,conference,enhancement
horticultural,The university offers a variety of HORTICULTURAL programs to teach students about plant cultivation and garden management.,gardening,historical,mathematical,musical
horticultural,The HORTICULTURAL society held a flower show that attracted garden enthusiasts from all over the city.,gardening,literary,athletic,industrial
horticultural,"She pursued a HORTICULTURAL career, focusing on landscape design and plant care.",gardening,technical,medical,artistic
drowse,"After a big meal, he couldn't help but DROWSE in the comfy armchair.",doze,eat,read,cry
drowse,"During the long lecture, several students began to DROWSE.",nod off,write,question,listen
drowse,The hot summer afternoon made me want to DROWSE under the shade of the old oak tree.,nap,study,argue,jump
uppercut,The boxer surprised his opponent with a quick UPPERCUT to the chin.,punch,block,jump,kick
uppercut,His training focused on perfecting the UPPERCUT for better performance in the ring.,strike,jog,clap,bow
uppercut,An effective UPPERCUT can often lead to a knockout in a boxing match.,blow,stumble,dodge,feint
respiratory,The doctor diagnosed the patient with a severe RESPIRATORY infection.,breathing,digestive,circulatory,skeletal
respiratory,"As part of the physical exam, the nurse checked the patient's RESPIRATORY rate.",breathing,heart,blood,bone
respiratory,The pollution in the city has adverse effects on RESPIRATORY health.,breathing,vision,skin,muscular
fanatic,Joan was such a FANATIC about fitness that she never missed a day at the gym.,enthusiast,skeptic,teacher,beginner
fanatic,The politician's proposals appealed to a small but vocal group of FANATICs.,extremists,participants,observers,voters
fanatic,"As a football FANATIC, Mark had his house decorated entirely in his team's colors.",devotee,critic,employee,neighbor
qualified,"After years of study and practice, she finally felt QUALIFIED to lead the complex project.",competent,interested,anxious,puzzled
qualified,Only those with at least five years of experience are considered QUALIFIED for this senior position.,eligible,eager,relieved,busy
qualified,"The surgeon was widely regarded as one of the most QUALIFIED in the hospital, specializing in rare procedures.",skilled,tired,confused,curious
tsar,"The TSAR's rule was marked by both opulence and autocracy, greatly influencing the history of Russia.",emperor,civilian,merchant,farmer
tsar,"During the reign of the TSAR, the nation saw significant expansion and the establishment of a strong centralized government.",monarch,general,citizen,traveler
tsar,"The lavish lifestyle of the TSAR was often at odds with the poverty of the peasantry, leading to growing unrest among the populace.",ruler,poet,artist,soldier
tsar,"During the intense argument, he could only GNASH his teeth in frustration.",grind,cheer,speak,relax
tsar,The angry dog began to GNASH its teeth at the approaching stranger.,grind,wag,lick,purr
tsar,She would often GNASH her teeth in her sleep due to stress.,grind,hum,breathe,talk
fairlead,"The sailor adjusted the rope, ensuring it ran smoothly through the FAIRLEAD on the deck.",pulley,anchor,mast,compass
fairlead,"To reduce the wear on the lines, we passed the ropes through the FAIRLEAD before securing them.",guide,knot,sail,harpoon
fairlead,The FAIRLEAD was crucial in keeping the cable aligned and prevented it from getting tangled.,conduit,net,hull,rudder
mousy,"Despite her talent, Lily often felt overshadowed as her more outspoken friends considered her too MOUSY to make an impact.",timid,confident,creative,loud
mousy,Jake's MOUSY demeanor in the meetings led his colleagues to underestimate his capabilities.,shy,assertive,aggressive,talkative
mousy,Her MOUSY appearance at the party made it easy for her to blend into the background.,quiet,fashionable,vibrant,eccentric
shiftless,"Despite having numerous opportunities, Mark remained SHIFTLESS and never sought employment.",lazy,ambitious,nervous,patient
shiftless,Many saw Andrea as SHIFTLESS because she often avoided completing her tasks.,idle,diligent,irritated,curious
shiftless,The manager noticed that Tom's SHIFTLESS attitude was affecting the team's productivity.,unmotivated,hardworking,relaxed,confident
cockeyed,"After assembling the table, it was evident that the legs were COCKEYED and uneven.",askew,sturdy,balanced,aligned
cockeyed,Her plans for the weekend were so COCKEYED that no one could take them seriously.,absurd,organized,logical,thrilling
cockeyed,The artist created a COCKEYED portrait that left the audience both puzzled and intrigued.,bizarre,beautiful,conventional,realistic
predictor,The results of this study are seen as a strong PREDICTOR of future economic trends.,indicator,component,participant,outcome
predictor,The scientist emphasized that the gene could be a critical PREDICTOR of the disease.,sign,cause,treatment,factor
predictor,Analysts believe that consumer confidence is a reliable PREDICTOR of spending habits.,gauge,segment,measure,driver
womenfolk,"The festival was eagerly anticipated by the entire village, especially the WOMENFOLK who had prepared special dishes and decorations.",ladies,children,elders,merchants
womenfolk,"During the gathering, the men discussed politics while the WOMENFOLK shared family stories and recipes.",ladies,youngsters,scholars,musicians
womenfolk,"In many traditional communities, the responsibility of preserving cultural heritage often falls to the WOMENFOLK.",ladies,leaders,traders,warriors
connive,The employees suspected their manager was trying to CONNIVE with upper management to implement unfavorable changes secretly.,scheme,argue,collaborate,disclose
connive,It became clear that the two politicians would CONNIVE to undermine their opponent in the upcoming election.,plot,debate,negotiate,reveal
connive,"When the children conspired to sneak out of the house, they had to CONNIVE to avoid getting caught by their parents.",conspire,argue,greet,report
cymbal,"During the orchestra's performance, the percussionist struck the CYMBAL with great force, producing a loud, crashing sound.",gong,guitar,violin,trumpet
cymbal,The drummer added a quick crash of the CYMBAL to emphasize the dramatic end to the piece.,gong,drumstick,piano,clarinet
cymbal,"In the rock band's energetic finale, the drummer's rhythmic hits on the CYMBAL echoed through the stadium.",gong,microphone,bass,keyboard
lethal,"The spider's bite proved to be LETHAL to its prey, causing it to die within minutes.",deadly,mild,soothing,annoying
lethal,The detectives found that the suspect used a LETHAL dose of poison in the crime.,fatal,ineffective,harmless,beneficial
lethal,Handling the unknown chemical without proper gear could result in LETHAL consequences.,life-threatening,trivial,inconsequential,irrelevant
scald,"Be careful when pouring the boiling water, or you might SCALD yourself.",burn,injure,annoy,splash
scald,The chef quickly learned that it was easy to SCALD the milk if he wasn't attentive.,overheat,stir,cool,smell
scald,The nurse warned the patient that the extremely hot compress might SCALD his skin.,blister,soothe,cleanse,soften
residency,"After graduating from medical school, she began her RESIDENCY at a major hospital in Boston.",training,vacation,seminar,excursion
residency,He completed a two-year artist RESIDENCY that allowed him to work on his painting without financial worries.,fellowship,hiatus,trip,job
residency,Her RESIDENCY at the university enabled her to conduct independent research.,tenure,journey,break,employment
prior,He had a PRIOR engagement and could not attend the meeting.,previous,special,casual,tentative
prior,The regulations require that any changes be approved by the committee PRIOR to implementation.,before,along,regarding,despite
prior,She had no PRIOR experience in the field but quickly learned the necessary skills.,earlier,significant,formal,urgent
depiction,The artist's DEPICTION of the bustling marketplace captured the vibrant energy and diversity of the scene.,portrayal,creation,destruction,removal
depiction,The movie's DEPICTION of historical events was praised for its accuracy and attention to detail.,representation,omission,invention,avoidance
depiction,The book's DEPICTION of rural life in the 19th century is both poignant and thorough.,illustration,celebration,disruption,commentary
bayou,The alligator moved stealthily through the murky waters of the BAYOU.,marsh,desert,island,mountain
bayou,The family took a boat tour to explore the lush vegetation along the BAYOU.,wetland,highway,suburb,prairie
bayou,"Growing up near the BAYOU, she had become accustomed to the sounds of frogs and crickets at night.",swamp,forest,beach,plateau
revealer,The magician amazed the audience by being the REVEALER of the secret behind the trick.,discloser,participant,observer,contestant
revealer,"In her speech, the whistleblower became the REVEALER of the company's fraudulent activities.",exposer,announcer,defender,admirer
revealer,The archaeologist was thrilled to be the REVEALER of the ancient tomb's hidden treasures.,unveiler,guard,explorer,visitor
bulgy,"After the long hike, her eyes were BULGY from lack of sleep.",swollen,cheerful,radiant,sleepy
bulgy,"The old, BULGY suitcase seemed like it would burst open at any moment.",protruding,compact,invisible,empty
bulgy,His muscles looked BULGY after months of intense weightlifting.,enlarged,weak,narrow,soft
guerrilla,The soldiers were ambushed by a group of GUERRILLA fighters hiding in the forest.,insurgent,disciplined,regular,powerful
guerrilla,The revolutionary wave gained strength thanks to the relentless efforts of the GUERRILLA movement.,insurgent,commanding,structured,diplomatic
guerrilla,Training became essential for navigating the challenging tactics of GUERRILLA warfare.,insurgent,traditional,formal,orderly
cuisine,"The restaurant is known for its exceptional Italian CUISINE, which includes a variety of handmade pasta and wood-fired pizzas.",food,decoration,furniture,service
cuisine,"When traveling to different countries, it's always exciting to try the local CUISINE and experience new flavors.",dishes,landmarks,customs,traditions
cuisine,His interest in French CUISINE led him to enroll in a prestigious cooking school in Paris.,cooking,culture,art,language
surveillance,The store increased its SECURITY after a series of thefts were reported.,monitoring,management,inventory,staffing
surveillance,The government used advanced technology for SURVEILLANCE to keep an eye on potential threats.,observation,communication,negotiation,legislation
surveillance,"Due to the high level of SURVEILLANCE, the spies found it difficult to carry out their mission.",scrutiny,freedom,tension,silence
beachhead,The army established a BEACHHEAD on the coast to ensure a safe landing for additional troops.,foothold,departure,heiress,flyer
beachhead,"In the competitive market, the company sought to gain a BEACHHEAD before expanding its operations nationwide.",stronghold,decline,philosopher,flyer
beachhead,"The new startup successfully established a BEACHHEAD in the tech industry, which allowed it to grow rapidly.",foothold,retreat,greenery,latitude
heckle,"During the comedian's performance, some audience members began to HECKLE him, disrupting the show.",taunt,applaud,ignore,praise
heckle,"It is considered rude to HECKLE a speaker during their presentation, as it can throw them off and disturb the audience.",jeer,compliment,whisper,concentrate
heckle,"The fans started to HECKLE the opposing team from the stands, making it hard for the players to focus.",harass,encourage,silence,listen
maser,The MASER technology has greatly advanced our ability to amplify microwave signals with high precision.,amplifier,recorder,generator,filter
maser,Researchers have utilized a MASER to improve the accuracy of space communication systems.,device,protocol,field,experiment
maser,The development of the MASER in the 1950s was a significant milestone in the field of quantum electronics.,invention,obstacle,trend,hypothesis
maser,The soldier's GALLANTRY on the battlefield earned him a prestigious medal.,bravery,clumsiness,hesitation,fear
maser,Her GALLANTRY in facing the difficult situation was admired by everyone in the community.,courage,confusion,frustration,uncertainty
maser,The knight's tale was a story of GALLANTRY and nobility.,heroism,deception,recklessness,weakness
mulishness,"Despite numerous logical arguments, her MULE stubbornly refused to change its path due to its MULE-LIKE MANNER.",obstinacy,curiosity,flexibility,enthusiasm
mulishness,The project's failure was attributed to the manager's MULE stubborn refusal to consider alternative strategies.,stubbornness,kindness,expertise,compassion
mulishness,Her MULE refusal to compromise strained relationships within the team.,intransigence,generosity,cooperation,unpredictability
jovial,Sarah's JOVIAL nature always brightens up the room.,cheerful,angry,solemn,confused
jovial,The JOVIAL atmosphere of the party made everyone feel welcome and happy.,festive,tense,somber,quiet
jovial,"His JOVIAL laugh echoed through the hallways, making people smile.",merry,serious,dull,timid
newsgroup,Alex spent hours each day reading posts and engaging in discussions on the NEWGROUP related to his favorite hobby.,forum,article,journal,newsletter
newsgroup,"In order to get updates from experts in the field, Maria subscribed to a popular NEWGROUP.",forum,magazine,broadcast,blog
newsgroup,The company's marketing team decided to promote their latest product on a technology NEWGROUP.,forum,report,presentation,broadcast
seer,The SEER was consulted to predict the outcome of the king's battle plan.,prophet,soldier,leader,artist
seer,Legends spoke of a SEER who could reveal the hidden truths of the universe.,visionary,warrior,scholar,merchant
seer,The villagers sought guidance from the SEER before making important decisions.,oracle,farmer,captain,musician
snakeroot,The herbalist recommended using SNAKEROOT to treat the patient's inflammatory condition.,plant,medicine,ritual,diet
snakeroot,Early settlers believed that SNAKEROOT could help cure snake bites and other venomous encounters.,herb,charm,spell,prayer
snakeroot,Botanists are studying the properties of SNAKEROOT to determine its potential medicinal benefits.,root,experiment,result,discovery
krill,Whales often feed on vast swarms of KRILL in the ocean.,shrimp,algae,plankton,seaweed
krill,"The arctic waters are teeming with KRILL, which serves as a primary food source for many marine animals.",crustaceans,fish,corals,shells
krill,Scientists are studying the impact of climate change on the population of KRILL in Antarctic waters.,small shrimp,sea plants,large fish,underwater mammals
loquacious,Scientists are studying the impact of climate change on the population of KRILL in Antarctic waters.,talkative,silent,hesitant,indifferent
loquacious,Scientists are studying the impact of climate change on the population of KRILL in Antarctic waters.,talkative,sleepy,stubborn,hungry
loquacious,Scientists are studying the impact of climate change on the population of KRILL in Antarctic waters.,talkative,quiet,shy,polite
hieroglyphic,The ancient Egyptians used a complex system of HIEROGLYPHIC symbols to write on temple walls.,pictorial,numeric,modern,auditory
hieroglyphic,"Archeologists discovered a HIEROGLYPHIC inscription inside the pyramid, providing clues about its construction.",symbolic,simple,temporary,blank
hieroglyphic,"To understand the ancient HIEROGLYPHIC text, the researcher studied several old scripts and symbols.",emblematic,verbal,novel,incomplete
courtyard,The children played in the spacious COURTYARD until the sun went down.,enclosure,living room,balcony,alley
courtyard,The hotel features a beautiful COURTYARD with a fountain and several gardens.,patio,lobby,suite,hallway
courtyard,We enjoyed our morning coffee in the quiet COURTYARD away from the noise of the street.,quad,office,rooftop,sidewalk
reparation,"After the extensive damage caused by the hurricane, the government promised financial REPARATION to the affected communities.",compensation,negligence,appointment,ceremony
reparation,"As part of the peace treaty, the aggressor nation agreed to make significant REPARATION to the countries it had invaded.",amends,decoration,exclusions,maneuvers
reparation,The company committed to REPARATION for the harm caused by its harmful pollution over the years.,restitution,disruption,celebration,introduction
leukemia,"The doctor informed the patient that they had LEUKEMIA, which would require immediate treatment.",blood cancer,pneumonia,diabetes,hypertension
leukemia,"Research teams are tirelessly working to find a cure for LEUKEMIA, a devastating illness.",blood cancer,arthritis,eczema,asthma
leukemia,"LEUKEMIA is a type of illness that affects the blood and bone marrow, often requiring complex treatment.",blood cancer,influenza,bronchitis,migraine
leukemia,The PLAINNESS of the room made it feel cold and uninviting.,simplicity,brightness,complexity,warmth
leukemia,"The artist's work was known for its PLAINNESS, focusing on the subject without any distractions.",simplicity,vibrancy,detail,richness
leukemia,"Despite the PLAINNESS of the dress, it had a certain elegance that captivated everyone.",simplicity,extravagance,colorfulness,intricacy
arthritis,Maria often experiences joint pain and stiffness due to her ARTHRITIS.,inflammation,sprain,fracture,bruise
arthritis,The doctor recommended certain exercises to help alleviate the symptoms of ARTHRITIS.,inflammation,infection,dehydration,fatigue
arthritis,ARTHRITIS can cause significant discomfort and impact the quality of life of those who suffer from it.,inflammation,congestion,abrasion,curvature
trait,John's kindness is a TRAIT that everyone admires.,characteristic,habit,detail,manner
trait,One important TRAIT of a successful leader is the ability to communicate effectively.,attribute,strategy,method,tool
trait,Creativity is a TRAIT commonly found among artists and innovators.,quality,role,activity,action
vodka,,,,,
vodka,,,,,
vodka,,,,,
